Title,Review,Rating,Date,service_id,service_name,industry_sector,compliance_type,subscription_tier,monthly_cost_usd,annual_cost_usd,countries,sla_hours,iso_standard,description,tags,updated_at
GDPR Compliance Readiness Assessment,"Comprehensive GDPR readiness assessment including data mapping, policy review, and risk analysis. Typical cost ranges from $20,500 to $102,500.",4.7,2025-07-01,,,,,,,,,,,,
GDPR Compliance Certification,"Certification-only services for GDPR compliance. Certification fees range from $500 to $8,000; compliance-only costs range from $100 to $4,000.",4.5,2025-07-05,,,,,,,,,,,,
ISO 27001 Gap Analysis & Certification Support,"Gap analysis and preparation for ISO 27001 & ISO 27002 standards (standards purchase ~$350; consultant fees ~$38,000; gap analysis ~$5,700) plus surveillance and recertification audits ($20,000–$23,000).",4.6,2025-06-20,,,,,,,,,,,,
PCI DSS Audit & Remediation Services,"Services include SAQ support ($50–$200), vulnerability scanning ($100–$200 per IP), QSA-led RoC onsite audit ($30,000–$200,000), remediation planning, and annual maintenance ($5,000–$20,000).",4.5,2025-07-15,,,,,,,,,,,,
HIPAA Compliance Readiness Assessment,"HIPAA readiness assessment covering risk analysis, policy creation, and gap analysis. Baseline assessment ~$15,000; full compliance costs range from $80,000 to $120,000.",4.4,2025-06-10,,,,,,,,,,,,
SOX Section 404 Compliance Program,"SOX Section 404 internal control testing, documentation, and remediation services. Average annual cost ~$1,400,000.",4.3,2025-05-20,,,,,,,,,,,,
Environmental Compliance Audit,"Environmental compliance audit covering EPA, OSHA, and local regulations. Typical cost $2,500–$40,000; average $6,000–$7,500.",4.2,2025-04-30,,,,,,,,,,,,
ISO27001-P,ISO 27001 Advisory & Certification Prep,,2025-07-01,ISO27001-P,ISO 27001 Advisory & Certification Prep,Technology,Information Security,Premium,1500,16000,"['Global']",4,ISO 27001,"End-to-end guidance, internal audit tooling, and auditor coordination for ISO 27001 compliance.","['infosec','risk','iso']",2025-07-01
SOC2-S,SOC 2 Type II Quick-Start,,2025-07-01,SOC2-S,SOC 2 Type II Quick-Start,SaaS,Trust Service Criteria,Standard,800,8400,"['US','CA']",8,,"Automated evidence collection, risk mapping, and auditor hand-off for SOC 2 Type II.","['soc2','audit','saas']",2025-07-01
HIPAA-P,HIPAA Compliance & PHI Guard,,2025-07-01,HIPAA-P,HIPAA Compliance & PHI Guard,Healthcare,Healthcare Privacy,Premium,1800,19200,"['US']",4,,"Gap analysis, policy pack, and breach simulation tailored for HIPAA covered entities and business associates.","['hipaa','privacy','health']",2025-07-01
GDPR-E,GDPR Essentials,,2025-07-01,GDPR-E,GDPR Essentials,E-commerce,Data Protection,Essentials,600,6300,"['EU','UK']",12,,"Article-by-article readiness checks, RoPA generator, and DPO as a service.","['gdpr','privacy','eu']",2025-07-01
PCI-DSS-S,PCI-DSS v4.0 Readiness,,2025-07-01,PCI-DSS-S,PCI-DSS v4.0 Readiness,FinTech,Payment Security,Standard,1200,12600,"['Global']",8,,"Secure code scanning, SAQ wizard, and on-demand QSA consultation for PCI-DSS v4.0.","['pci','payments','security']",2025-07-01
CCPA-E,CCPA / CPRA Starter Pack,,2025-07-01,CCPA-E,CCPA / CPRA Starter Pack,Retail,Consumer Privacy,Essentials,500,5250,"['US-CA']",12,,"DSAR workflow, data mapping templates, and opt-out signal handling for California privacy laws.","['ccpa','privacy','state']",2025-07-01
NIST-CSF-P,NIST CSF Managed Program,,2025-07-01,NIST-CSF-P,NIST CSF Managed Program,Critical Infrastructure,Cybersecurity Framework,Premium,1600,17000,"['US']",6,,"Continuous control monitoring mapped to the five NIST CSF functions with board-ready reporting.","['nist','cyber','governance']",2025-07-01
ESG-S,ESG Reporting & Assurance,,2025-07-01,ESG-S,ESG Reporting & Assurance,Energy,Sustainability,Standard,1100,11550,"['Global']",10,GRI,"GHG scope accounting, CSR metric dashboards, and limited assurance coordination.","['esg','sustainability','assurance']",2025-07-01
